<?xml version="1.0" encoding="UTF-8"?>
<project-private xmlns="http://www.netbeans.org/ns/project-private/1">
    <editor-bookmarks xmlns="http://www.netbeans.org/ns/editor-bookmarks/2" lastBookmarkId="0"/>
    <open-files xmlns="http://www.netbeans.org/ns/projectui-open-files/2">
        <group>
            <file>file:/Users/alanbarbosamendoza/NetBeansProjects/FunctionalInterfacesBook/src/chapter15/TestSetChangeListener.java</file>
            <file>file:/Users/alanbarbosamendoza/NetBeansProjects/FunctionalInterfacesBook/src/chapter1/incorrect/StringProcessor.java</file>
            <file>file:/Users/alanbarbosamendoza/NetBeansProjects/FunctionalInterfacesBook/src/chapter15/TestBuilderFactory.java</file>
            <file>file:/Users/alanbarbosamendoza/NetBeansProjects/FunctionalInterfacesBook/src/chapter15/DMVGUI.java</file>
        </group>
    </open-files>
</project-private>
